Feature,Coefficient,AbsImportance
point score,1.0989305523573367,1.0989305523573367
avg_overall_rating,-0.2242652085240901,0.2242652085240901
avg_potential,-0.13217905615783482,0.13217905615783482
